network_code,receiver_code,receiver_type,receiver_latitude,receiver_longitude,receiver_elevation_m,p_arrival_sample,p_status,p_weight,p_travel_sec,s_arrival_sample,s_status,s_weight,source_id,source_origin_time,source_origin_uncertainty_sec,source_latitude,source_longitude,source_error_sec,source_gap_deg,source_horizontal_uncertainty_km,source_depth_km,source_depth_uncertainty_km,source_magnitude,source_magnitude_type,source_magnitude_author,source_mechanism_strike_dip_rake,source_distance_deg,source_distance_km,back_azimuth_deg,snr_db,coda_end_sample,trace_start_time,trace_category,trace_name
AE,113A,HH,32.768299,-113.766701,118.0,,,,,,,,,,,,,,,,,,,,,,,,,,,2018-01-15 00:17:30,noise,113A.AE_20180115001730_NO
AE,113A,HH,32.768299,-113.766701,118.0,,,,,,,,,,,,,,,,,,,,,,,,,,,2018-01-15 00:33:36,noise,113A.AE_20180115003336_NO
AE,113A,HH,32.768299,-113.766701,118.0,,,,,,,,,,,,,,,,,,,,,,,,,,,2018-01-15 02:01:06,noise,113A.AE_20180115020106_NO
AE,113A,HH,32.768299,-113.766701,118.0,,,,,,,,,,,,,,,,,,,,,,,,,,,2018-01-15 02:29:06,noise,113A.AE_20180115022906_NO
AE,113A,HH,32.768299,-113.766701,118.0,,,,,,,,,,,,,,,,,,,,,,,,,,,2018-01-15 03:51:00,noise,113A.AE_20180115035100_NO
AE,113A,HH,32.768299,-113.766701,118.0,,,,,,,,,,,,,,,,,,,,,,,,,,,2018-01-15 03:53:48,noise,113A.AE_20180115035348_NO
AE,113A,HH,32.768299,-113.766701,118.0,,,,,,,,,,,,,,,,,,,,,,,,,,,2018-01-15 03:55:12,noise,113A.AE_20180115035512_NO
AE,113A,HH,32.768299,-113.766701,118.0,,,,,,,,,,,,,,,,,,,,,,,,,,,2018-01-15 03:56:36,noise,113A.AE_20180115035636_NO
AE,113A,HH,32.768299,-113.766701,118.0,,,,,,,,,,,,,,,,,,,,,,,,,,,2018-01-15 04:29:30,noise,113A.AE_20180115042930_NO
AE,113A,HH,32.768299,-113.766701,118.0,,,,,,,,,,,,,,,,,,,,,,,,,,,2018-01-15 04:43:30,noise,113A.AE_20180115044330_NO
AE,113A,HH,32.768299,-113.766701,118.0,,,,,,,,,,,,,,,,,,,,,,,,,,,2018-01-15 04:48:24,noise,113A.AE_20180115044824_NO
AE,113A,HH,32.768299,-113.766701,118.0,,,,,,,,,,,,,,,,,,,,,,,,,,,2018-01-15 04:51:54,noise,113A.AE_20180115045154_NO
AE,113A,HH,32.768299,-113.766701,118.0,,,,,,,,,,,,,,,,,,,,,,,,,,,2018-01-15 05:50:42,noise,113A.AE_20180115055042_NO
AE,113A,HH,32.768299,-113.766701,118.0,,,,,,,,,,,,,,,,,,,,,,,,,,,2018-01-15 06:06:48,noise,113A.AE_20180115060648_NO
AE,113A,HH,32.768299,-113.766701,118.0,,,,,,,,,,,,,,,,,,,,,,,,,,,2018-01-15 06:22:54,noise,113A.AE_20180115062254_NO
AE,113A,HH,32.768299,-113.766701,118.0,,,,,,,,,,,,,,,,,,,,,,,,,,,2018-01-15 06:25:00,noise,113A.AE_20180115062500_NO
AE,113A,HH,32.768299,-113.766701,118.0,,,,,,,,,,,,,,,,,,,,,,,,,,,2018-01-15 07:44:48,noise,113A.AE_20180115074448_NO
AE,113A,HH,32.768299,-113.766701,118.0,,,,,,,,,,,,,,,,,,,,,,,,,,,2018-01-15 08:49:54,noise,113A.AE_20180115084954_NO
AE,113A,HH,32.768299,-113.766701,118.0,,,,,,,,,,,,,,,,,,,,,,,,,,,2018-01-15 08:52:00,noise,113A.AE_20180115085200_NO
AE,113A,HH,32.768299,-113.766701,118.0,,,,,,,,,,,,,,,,,,,,,,,,,,,2018-01-15 09:03:12,noise,113A.AE_20180115090312_NO
AE,113A,HH,32.768299,-113.766701,118.0,,,,,,,,,,,,,,,,,,,,,,,,,,,2018-01-15 09:16:30,noise,113A.AE_20180115091630_NO
AE,113A,HH,32.768299,-113.766701,118.0,,,,,,,,,,,,,,,,,,,,,,,,,,,2018-01-15 09:20:00,noise,113A.AE_20180115092000_NO
AE,113A,HH,32.768299,-113.766701,118.0,,,,,,,,,,,,,,,,,,,,,,,,,,,2018-01-15 09:35:24,noise,113A.AE_20180115093524_NO
AE,113A,HH,32.768299,-113.766701,118.0,,,,,,,,,,,,,,,,,,,,,,,,,,,2018-01-15 09:55:42,noise,113A.AE_20180115095542_NO
AE,113A,HH,32.768299,-113.766701,118.0,,,,,,,,,,,,,,,,,,,,,,,,,,,2018-01-15 10:04:48,noise,113A.AE_20180115100448_NO
TA,109C,BH,32.8889,-117.1051,150.0,700.0,manual,0.5,17.079999923706055,1894.0,manual,0.5,8556349,2006-07-23 15:58:50.88,0.47,33.7496,-117.4938,1.1119,107.466,4.6403,0.45,,3.6,ml,,,0.92,102.09,159.3,[56.79999924 55.40000153 47.40000153],[[2896.]],2006-07-23 15:59:00.960000,earthquake_local,109C.TA_20060723155859_EV
TA,109C,BH,32.8889,-117.1051,150.0,600.0,manual,0.5,16.8799991607666,1763.0,manual,0.5,8860238,2006-11-03 15:56:42.73,0.24,32.7077,-116.0446,0.899,37.593,2.9542,9.2,,4.3,mb,,,0.91,101.34,281.7,[65.         65.5        61.40000153],[[5508.]],2006-11-03 15:56:53.610000,earthquake_local,109C.TA_20061103155652_EV
TA,109C,BH,32.8889,-117.1051,150.0,500.0,manual,0.5,17.260000228881836,1678.0,manual,0.5,8940123,2006-11-03 16:12:12.44,0.27,32.7253,-116.0348,0.8127,48.096,3.0397,12.66,,3.6,ml,,,0.92,101.87,280.5,[37.20000076 42.         38.59999847],[[3114.]],2006-11-03 16:12:24.700000,earthquake_local,109C.TA_20061103161223_EV
TA,109C,BH,32.8889,-117.1051,150.0,900.0,manual,0.5,17.280000686645508,2086.0,manual,0.5,9443190,2006-11-14 13:32:14.26,0.25,32.7063,-116.0241,0.9173,43.783,2.6112,11.5,,3.8,ml,,,0.93,103.26,281.6,[54.09999847 54.90000153 45.5       ],[[3152.]],2006-11-14 13:32:22.540000,earthquake_local,109C.TA_20061114133221_EV
TA,109C,BH,32.8889,-117.1051,150.0,700.0,manual,0.5,18.13999938964844,1897.0,manual,0.5,9443449,2006-11-27 10:46:29.92,0.67,31.9679,-117.1944,1.0362,182.145,5.6607,7.26,,3.6,ml,,,0.92,102.48,4.7,[58.20000076 56.20000076 53.79999924],[[3134.]],2006-11-27 10:46:41.060000,earthquake_local,109C.TA_20061127104640_EV
TA,109C,BH,32.8889,-117.1051,150.0,700.0,manual,0.5,18.020000457763672,1953.0,manual,0.5,9084303,2006-11-29 12:17:35.10,0.26,32.8312,-115.9603,0.7948,44.55,2.6052,9.73,,3.8,ml,,,0.96,107.34,273.7,[55.09999847 51.70000076 45.90000153],[[2754.]],2006-11-29 12:17:46.120000,earthquake_local,109C.TA_20061129121745_EV
TA,109C,BH,32.8889,-117.1051,150.0,900.0,manual,0.5,17.8700008392334,2184.0,manual,0.5,9084320,2006-11-29 21:10:55.02,0.3,32.8297,-115.9531,0.9905,45.342,2.948,2.1,,4.1,ml,,,0.97,108.03,273.8,[55.         56.09999847 43.20000076],[[3199.]],2006-11-29 21:11:03.890000,earthquake_local,109C.TA_20061129211102_EV
TA,109C,BH,32.8889,-117.1051,150.0,800.0,manual,0.5,18.0,2038.0,manual,0.5,9443502,2006-11-29 21:12:52.12,0.37,32.8261,-115.9481,0.6943,103.739,4.0952,7.31,,3.6,ml,,,0.98,108.52,274.0,[33.09999847 33.40000153 25.70000076],[[3199.]],2006-11-29 21:13:02.120000,earthquake_local,109C.TA_20061129211301_EV
TA,109C,BH,32.8889,-117.1051,150.0,800.0,manual,0.5,17.979999542236328,2062.0,manual,0.5,9443508,2006-11-29 22:15:38.65,0.27,32.8327,-115.9672,0.9011,44.847,2.4481,2.06,,3.9,ml,,,0.96,106.69,273.7,[49.         48.         39.20000076],[[5252.]],2006-11-29 22:15:48.630000,earthquake_local,109C.TA_20061129221547_EV
TA,109C,BH,32.8889,-117.1051,150.0,600.0,manual,0.5,17.18000030517578,1777.0,manual,0.5,10382234,2007-01-09 14:01:55.05,0.29,32.7154,-116.0344,0.6401,48.945,3.3538,12.6,,3.1,ml,,,0.92,102.11,281.1,[41.79999924 40.59999847 33.29999924],[[2964.]],2007-01-09 14:02:06.230000,earthquake_local,109C.TA_20070109140205_EV
TA,109C,BH,32.8889,-117.1051,150.0,500.0,manual,0.5,12.899999618530272,1416.0,manual,0.5,10388635,2007-01-17 16:07:47.08,0.46,32.9898,-116.303,0.6586,128.303,4.9956,8.72,,3.7,ml,,,0.68,75.84,261.7,[45.         49.90000153 41.79999924],[[2663.]],2007-01-17 16:07:54.980000,earthquake_local,109C.TA_20070117160753_EV
TA,109C,BH,32.8889,-117.1051,150.0,900.0,manual,0.5,16.799999237060547,2041.0,manual,0.5,11499016,2007-02-09 03:33:42.80,0.24,33.2446,-116.1336,1.115,27.81,2.2574,8.38,,4.2,ml,,,0.89,98.93,246.8,[65.         68.19999695 58.70000076],[[2866.]],2007-02-09 03:33:50.600000,earthquake_local,109C.TA_20070209033349_EV
TA,109C,BH,32.8889,-117.1051,150.0,400.0,manual,0.5,17.93000030517578,1642.0,manual,0.5,11510554,2007-02-26 18:18:20.12,0.35,32.6571,-116.0002,0.9153,61.622,3.9212,8.77,0.77,2.9,ml,,,0.96,106.66,284.2,[28.10000038 24.89999962 27.60000038],[[2951.]],2007-02-26 18:18:34.050000,earthquake_local,109C.TA_20070226181833_EV
TA,109C,BH,32.8889,-117.1051,150.0,900.0,manual,0.5,18.40999984741211,2198.0,manual,0.5,11688454,2007-03-01 14:37:44.22,0.29,33.2297,-116.0053,0.6974,43.866,2.5153,6.41,,3.3,ml,,,0.98,109.44,250.1,[43.90000153 42.09999847 35.70000076],[[3022.]],2007-03-01 14:37:53.630000,earthquake_local,109C.TA_20070301143752_EV
TA,109C,BH,32.8889,-117.1051,150.0,400.0,manual,0.5,16.31999969482422,1523.0,manual,0.5,11691332,2007-03-06 03:33:29.07,1.02,32.067,-117.4297,0.9094,208.944,8.4779,9.28,,2.8,ml,,,0.86,96.12,18.4,[47.20000076 46.09999847 38.59999847],[[2580.]],2007-03-06 03:33:41.390000,earthquake_local,109C.TA_20070306033340_EV
TA,109C,BH,32.8889,-117.1051,150.0,900.0,manual,0.5,17.15999984741211,2092.0,autopicker,0.5,11926498,2007-04-15 22:57:25.78,0.25,32.7322,-116.0594,1.0571,36.929,2.6497,6.61,,4.3,ml,,,0.89,99.46,280.3,[60.09999847 64.80000305 53.40000153],[[5848.]],2007-04-15 22:57:33.940000,earthquake_local,109C.TA_20070415225732_EV
TA,109C,BH,32.8889,-117.1051,150.0,800.0,manual,0.5,16.90999984741211,1987.0,manual,0.5,11926636,2007-04-16 03:45:23.96,0.32,32.7098,-116.0362,0.9791,48.054,3.5849,12.66,,2.7,ml,,,0.92,102.07,281.5,[34.20000076 31.39999962 33.09999847],[[3022.]],2007-04-16 03:45:32.870000,earthquake_local,109C.TA_20070416034531_EV
TA,109C,BH,32.8889,-117.1051,150.0,900.0,manual,0.5,17.110000610351562,2079.0,manual,0.5,11928303,2007-04-18 09:33:37.06,0.3,32.6944,-116.0417,0.7328,38.102,3.1774,13.3,,2.8,ml,,,0.92,101.92,282.5,[38.40000153 37.         37.5       ],[[3166.]],2007-04-18 09:33:45.170000,earthquake_local,109C.TA_20070418093344_EV
TA,109C,BH,32.8889,-117.1051,150.0,700.0,manual,0.5,13.350000381469728,1618.0,manual,0.5,11928726,2007-04-18 22:23:11.33,0.34,33.4264,-116.5825,0.9568,53.76,3.0473,9.18,,3.5,ml,,,0.69,77.01,219.4,[53.79999924 52.         45.5       ],[[2386.]],2007-04-18 22:23:17.680000,earthquake_local,109C.TA_20070418222316_EV
TA,109C,BH,32.8889,-117.1051,150.0,700.0,manual,0.5,17.350000381469727,1858.0,manual,0.5,11929132,2007-04-19 11:33:30.94,0.34,32.732,-116.0314,1.1683,99.396,3.2296,2.03,,2.9,ml,,,0.92,102.05,280.1,[32.29999924 32.59999847 28.20000076],[[3100.]],2007-04-19 11:33:41.290000,earthquake_local,109C.TA_20070419113340_EV
TA,109C,BH,32.8889,-117.1051,150.0,900.0,manual,0.5,16.989999771118164,2074.0,manual,0.5,11929148,2007-04-19 12:01:22.98,0.29,32.7084,-116.0541,1.0655,54.707,3.2223,10.1,,2.9,ml,,,0.9,100.46,281.8,[27.         30.79999924 22.39999962],[[3100.]],2007-04-19 12:01:30.970000,earthquake_local,109C.TA_20070419120129_EV
TA,109C,BH,32.8889,-117.1051,150.0,800.0,manual,0.5,17.0,1973.0,manual,0.5,12662876,2007-05-25 11:35:28.77,0.27,32.6901,-116.0309,0.9893,49.819,2.7369,11.84,,3.3,ml,,,0.93,103.01,282.6,[52.90000153 55.90000153 46.90000153],[[2705.]],2007-05-25 11:35:37.770000,earthquake_local,109C.TA_20070525113536_EV
TA,109C,BH,32.8889,-117.1051,150.0,900.0,manual,0.5,17.049999237060547,2072.0,manual,0.5,12662884,2007-05-25 11:47:59.60,0.29,32.7008,-116.0355,0.9494,47.934,3.0123,13.47,,3.0,ml,,,0.92,102.34,282.0,[37.90000153 42.59999847 37.90000153],[[2960.]],2007-05-25 11:48:07.650000,earthquake_local,109C.TA_20070525114806_EV
TA,109C,BH,32.8889,-117.1051,150.0,600.0,manual,0.58,12.9399995803833,1515.0,manual,0.62,ci14296868,2007-06-08 06:13:05.900000,,33.4551667,-116.5946667,0.24,48.0,0.24,11.31,0.45,1.57,ml,CI,,0.7087,78.81,37.2,[20.20000076 21.39999962 18.60000038],[[2185.]],2007-06-08 06:13:12.840000,earthquake_local,109C.TA_20070608061311_EV
TA,109C,BH,32.8889,-117.1051,150.0,700.0,manual,0.6,9.470000267028809,1337.0,manual,0.6,ci14297160,2007-06-09 21:29:26.450000,,32.5163333,-116.735,0.14,226.0,0.54,3.25,0.42,1.35,ml,CI,,0.4852,53.96,140.2,[11.         11.39999962  6.69999981],[[3199.]],2007-06-09 21:29:28.920000,earthquake_local,109C.TA_20070609212927_EV
